testuser001,Passwd001,1,testuser,test001@localhost.localdomain.com
testuser002,Passwd002,2,testuser,test002@localhost.localdomain.com
testuser003,Passwd003,3,testuser,test003@localhost.localdomain.com
testuser004,Passwd004,4,testuser,test004@localhost.localdomain.com
testuser005,Passwd005,5,testuser,test005@localhost.localdomain.com
testuser006,Passwd006,6,testuser,test006@localhost.localdomain.com
testuser007,Passwd007,7,testuser,test007@localhost.localdomain.com
testuser008,Passwd008,8,testuser,test008@localhost.localdomain.com
testuser009,Passwd009,9,testuser,test009@localhost.localdomain.com
testuser010,Passwd010,10,testuser,test010@localhost.localdomain.com
testuser011,Passwd011,11,testuser,test011@localhost.localdomain.com
testuser012,Passwd012,12,testuser,test012@localhost.localdomain.com
testuser013,Passwd013,13,testuser,test013@localhost.localdomain.com
testuser014,Passwd014,14,testuser,test014@localhost.localdomain.com
testuser015,Passwd015,15,testuser,test015@localhost.localdomain.com
testuser016,Passwd016,16,testuser,test016@localhost.localdomain.com
testuser017,Passwd017,17,testuser,test017@localhost.localdomain.com
testuser018,Passwd018,18,testuser,test018@localhost.localdomain.com
testuser019,Passwd019,19,testuser,test019@localhost.localdomain.com
testuser020,Passwd020,20,testuser,test020@localhost.localdomain.com
testuser021,Passwd021,21,testuser,test021@localhost.localdomain.com
testuser022,Passwd022,22,testuser,test022@localhost.localdomain.com
testuser023,Passwd023,23,testuser,test023@localhost.localdomain.com
testuser024,Passwd024,24,testuser,test024@localhost.localdomain.com
testuser025,Passwd025,25,testuser,test025@localhost.localdomain.com
testuser026,Passwd026,26,testuser,test026@localhost.localdomain.com
testuser027,Passwd027,27,testuser,test027@localhost.localdomain.com
testuser028,Passwd028,28,testuser,test028@localhost.localdomain.com
testuser029,Passwd029,29,testuser,test029@localhost.localdomain.com
testuser030,Passwd030,30,testuser,test030@localhost.localdomain.com
testuser031,Passwd031,31,testuser,test031@localhost.localdomain.com
testuser032,Passwd032,32,testuser,test032@localhost.localdomain.com
testuser033,Passwd033,33,testuser,test033@localhost.localdomain.com
testuser034,Passwd034,34,testuser,test034@localhost.localdomain.com
testuser035,Passwd035,35,testuser,test035@localhost.localdomain.com
testuser036,Passwd036,36,testuser,test036@localhost.localdomain.com
testuser037,Passwd037,37,testuser,test037@localhost.localdomain.com
testuser038,Passwd038,38,testuser,test038@localhost.localdomain.com
testuser039,Passwd039,39,testuser,test039@localhost.localdomain.com
testuser040,Passwd040,40,testuser,test040@localhost.localdomain.com
testuser041,Passwd041,41,testuser,test041@localhost.localdomain.com
testuser042,Passwd042,42,testuser,test042@localhost.localdomain.com
testuser043,Passwd043,43,testuser,test043@localhost.localdomain.com
testuser044,Passwd044,44,testuser,test044@localhost.localdomain.com
testuser045,Passwd045,45,testuser,test045@localhost.localdomain.com
testuser046,Passwd046,46,testuser,test046@localhost.localdomain.com
testuser047,Passwd047,47,testuser,test047@localhost.localdomain.com
testuser048,Passwd048,48,testuser,test048@localhost.localdomain.com
testuser049,Passwd049,49,testuser,test049@localhost.localdomain.com
testuser050,Passwd050,50,testuser,test050@localhost.localdomain.com
testuser051,Passwd051,51,testuser,test051@localhost.localdomain.com
testuser052,Passwd052,52,testuser,test052@localhost.localdomain.com
testuser053,Passwd053,53,testuser,test053@localhost.localdomain.com
testuser054,Passwd054,54,testuser,test054@localhost.localdomain.com
testuser055,Passwd055,55,testuser,test055@localhost.localdomain.com
testuser056,Passwd056,56,testuser,test056@localhost.localdomain.com
testuser057,Passwd057,57,testuser,test057@localhost.localdomain.com
testuser058,Passwd058,58,testuser,test058@localhost.localdomain.com
testuser059,Passwd059,59,testuser,test059@localhost.localdomain.com
testuser060,Passwd060,60,testuser,test060@localhost.localdomain.com
testuser061,Passwd061,61,testuser,test061@localhost.localdomain.com
testuser062,Passwd062,62,testuser,test062@localhost.localdomain.com
testuser063,Passwd063,63,testuser,test063@localhost.localdomain.com
testuser064,Passwd064,64,testuser,test064@localhost.localdomain.com
testuser065,Passwd065,65,testuser,test065@localhost.localdomain.com
testuser066,Passwd066,66,testuser,test066@localhost.localdomain.com
testuser067,Passwd067,67,testuser,test067@localhost.localdomain.com
testuser068,Passwd068,68,testuser,test068@localhost.localdomain.com
testuser069,Passwd069,69,testuser,test069@localhost.localdomain.com
testuser070,Passwd070,70,testuser,test070@localhost.localdomain.com
testuser071,Passwd071,71,testuser,test071@localhost.localdomain.com
testuser072,Passwd072,72,testuser,test072@localhost.localdomain.com
testuser073,Passwd073,73,testuser,test073@localhost.localdomain.com
testuser074,Passwd074,74,testuser,test074@localhost.localdomain.com
testuser075,Passwd075,75,testuser,test075@localhost.localdomain.com
testuser076,Passwd076,76,testuser,test076@localhost.localdomain.com
testuser077,Passwd077,77,testuser,test077@localhost.localdomain.com
testuser078,Passwd078,78,testuser,test078@localhost.localdomain.com
testuser079,Passwd079,79,testuser,test079@localhost.localdomain.com
testuser080,Passwd080,80,testuser,test080@localhost.localdomain.com
testuser081,Passwd081,81,testuser,test081@localhost.localdomain.com
testuser082,Passwd082,82,testuser,test082@localhost.localdomain.com
testuser083,Passwd083,83,testuser,test083@localhost.localdomain.com
testuser084,Passwd084,84,testuser,test084@localhost.localdomain.com
testuser085,Passwd085,85,testuser,test085@localhost.localdomain.com
testuser086,Passwd086,86,testuser,test086@localhost.localdomain.com
testuser087,Passwd087,87,testuser,test087@localhost.localdomain.com
testuser088,Passwd088,88,testuser,test088@localhost.localdomain.com
testuser089,Passwd089,89,testuser,test089@localhost.localdomain.com
testuser090,Passwd090,90,testuser,test090@localhost.localdomain.com
testuser091,Passwd091,91,testuser,test091@localhost.localdomain.com
testuser092,Passwd092,92,testuser,test092@localhost.localdomain.com
testuser093,Passwd093,93,testuser,test093@localhost.localdomain.com
testuser094,Passwd094,94,testuser,test094@localhost.localdomain.com
testuser095,Passwd095,95,testuser,test095@localhost.localdomain.com
testuser096,Passwd096,96,testuser,test096@localhost.localdomain.com
testuser097,Passwd097,97,testuser,test097@localhost.localdomain.com
testuser098,Passwd098,98,testuser,test098@localhost.localdomain.com
testuser099,Passwd099,99,testuser,test099@localhost.localdomain.com
testuser100,Passwd100,100,testuser,test100@localhost.localdomain.com
testuser101,Passwd101,101,testuser,test101@localhost.localdomain.com
testuser102,Passwd102,102,testuser,test102@localhost.localdomain.com
testuser103,Passwd103,103,testuser,test103@localhost.localdomain.com
testuser104,Passwd104,104,testuser,test104@localhost.localdomain.com
testuser105,Passwd105,105,testuser,test105@localhost.localdomain.com
testuser106,Passwd106,106,testuser,test106@localhost.localdomain.com
testuser107,Passwd107,107,testuser,test107@localhost.localdomain.com
testuser108,Passwd108,108,testuser,test108@localhost.localdomain.com
testuser109,Passwd109,109,testuser,test109@localhost.localdomain.com
testuser110,Passwd110,110,testuser,test110@localhost.localdomain.com
testuser111,Passwd111,111,testuser,test111@localhost.localdomain.com
testuser112,Passwd112,112,testuser,test112@localhost.localdomain.com
testuser113,Passwd113,113,testuser,test113@localhost.localdomain.com
testuser114,Passwd114,114,testuser,test114@localhost.localdomain.com
testuser115,Passwd115,115,testuser,test115@localhost.localdomain.com
testuser116,Passwd116,116,testuser,test116@localhost.localdomain.com
testuser117,Passwd117,117,testuser,test117@localhost.localdomain.com
testuser118,Passwd118,118,testuser,test118@localhost.localdomain.com
testuser119,Passwd119,119,testuser,test119@localhost.localdomain.com
testuser120,Passwd120,120,testuser,test120@localhost.localdomain.com
testuser121,Passwd121,121,testuser,test121@localhost.localdomain.com
testuser122,Passwd122,122,testuser,test122@localhost.localdomain.com
testuser123,Passwd123,123,testuser,test123@localhost.localdomain.com
testuser124,Passwd124,124,testuser,test124@localhost.localdomain.com
testuser125,Passwd125,125,testuser,test125@localhost.localdomain.com
testuser126,Passwd126,126,testuser,test126@localhost.localdomain.com
testuser127,Passwd127,127,testuser,test127@localhost.localdomain.com
testuser128,Passwd128,128,testuser,test128@localhost.localdomain.com
testuser129,Passwd129,129,testuser,test129@localhost.localdomain.com
testuser130,Passwd130,130,testuser,test130@localhost.localdomain.com
testuser131,Passwd131,131,testuser,test131@localhost.localdomain.com
testuser132,Passwd132,132,testuser,test132@localhost.localdomain.com
testuser133,Passwd133,133,testuser,test133@localhost.localdomain.com
testuser134,Passwd134,134,testuser,test134@localhost.localdomain.com
testuser135,Passwd135,135,testuser,test135@localhost.localdomain.com
testuser136,Passwd136,136,testuser,test136@localhost.localdomain.com
testuser137,Passwd137,137,testuser,test137@localhost.localdomain.com
testuser138,Passwd138,138,testuser,test138@localhost.localdomain.com
testuser139,Passwd139,139,testuser,test139@localhost.localdomain.com
testuser140,Passwd140,140,testuser,test140@localhost.localdomain.com
testuser141,Passwd141,141,testuser,test141@localhost.localdomain.com
testuser142,Passwd142,142,testuser,test142@localhost.localdomain.com
testuser143,Passwd143,143,testuser,test143@localhost.localdomain.com
testuser144,Passwd144,144,testuser,test144@localhost.localdomain.com
testuser145,Passwd145,145,testuser,test145@localhost.localdomain.com
testuser146,Passwd146,146,testuser,test146@localhost.localdomain.com
testuser147,Passwd147,147,testuser,test147@localhost.localdomain.com
testuser148,Passwd148,148,testuser,test148@localhost.localdomain.com
testuser149,Passwd149,149,testuser,test149@localhost.localdomain.com
testuser150,Passwd150,150,testuser,test150@localhost.localdomain.com
testuser151,Passwd151,151,testuser,test151@localhost.localdomain.com
testuser152,Passwd152,152,testuser,test152@localhost.localdomain.com
testuser153,Passwd153,153,testuser,test153@localhost.localdomain.com
testuser154,Passwd154,154,testuser,test154@localhost.localdomain.com
testuser155,Passwd155,155,testuser,test155@localhost.localdomain.com
testuser156,Passwd156,156,testuser,test156@localhost.localdomain.com
testuser157,Passwd157,157,testuser,test157@localhost.localdomain.com
testuser158,Passwd158,158,testuser,test158@localhost.localdomain.com
testuser159,Passwd159,159,testuser,test159@localhost.localdomain.com
testuser160,Passwd160,160,testuser,test160@localhost.localdomain.com
testuser161,Passwd161,161,testuser,test161@localhost.localdomain.com
testuser162,Passwd162,162,testuser,test162@localhost.localdomain.com
testuser163,Passwd163,163,testuser,test163@localhost.localdomain.com
testuser164,Passwd164,164,testuser,test164@localhost.localdomain.com
testuser165,Passwd165,165,testuser,test165@localhost.localdomain.com
testuser166,Passwd166,166,testuser,test166@localhost.localdomain.com
testuser167,Passwd167,167,testuser,test167@localhost.localdomain.com
testuser168,Passwd168,168,testuser,test168@localhost.localdomain.com
testuser169,Passwd169,169,testuser,test169@localhost.localdomain.com
testuser170,Passwd170,170,testuser,test170@localhost.localdomain.com
testuser171,Passwd171,171,testuser,test171@localhost.localdomain.com
testuser172,Passwd172,172,testuser,test172@localhost.localdomain.com
testuser173,Passwd173,173,testuser,test173@localhost.localdomain.com
testuser174,Passwd174,174,testuser,test174@localhost.localdomain.com
testuser175,Passwd175,175,testuser,test175@localhost.localdomain.com
testuser176,Passwd176,176,testuser,test176@localhost.localdomain.com
testuser177,Passwd177,177,testuser,test177@localhost.localdomain.com
testuser178,Passwd178,178,testuser,test178@localhost.localdomain.com
testuser179,Passwd179,179,testuser,test179@localhost.localdomain.com
testuser180,Passwd180,180,testuser,test180@localhost.localdomain.com
testuser181,Passwd181,181,testuser,test181@localhost.localdomain.com
testuser182,Passwd182,182,testuser,test182@localhost.localdomain.com
testuser183,Passwd183,183,testuser,test183@localhost.localdomain.com
testuser184,Passwd184,184,testuser,test184@localhost.localdomain.com
testuser185,Passwd185,185,testuser,test185@localhost.localdomain.com
testuser186,Passwd186,186,testuser,test186@localhost.localdomain.com
testuser187,Passwd187,187,testuser,test187@localhost.localdomain.com
testuser188,Passwd188,188,testuser,test188@localhost.localdomain.com
testuser189,Passwd189,189,testuser,test189@localhost.localdomain.com
testuser190,Passwd190,190,testuser,test190@localhost.localdomain.com
testuser191,Passwd191,191,testuser,test191@localhost.localdomain.com
testuser192,Passwd192,192,testuser,test192@localhost.localdomain.com
testuser193,Passwd193,193,testuser,test193@localhost.localdomain.com
testuser194,Passwd194,194,testuser,test194@localhost.localdomain.com
testuser195,Passwd195,195,testuser,test195@localhost.localdomain.com
testuser196,Passwd196,196,testuser,test196@localhost.localdomain.com
testuser197,Passwd197,197,testuser,test197@localhost.localdomain.com
testuser198,Passwd198,198,testuser,test198@localhost.localdomain.com
testuser199,Passwd199,199,testuser,test199@localhost.localdomain.com
testuser200,Passwd200,200,testuser,test200@localhost.localdomain.com
testuser201,Passwd201,201,testuser,test201@localhost.localdomain.com
testuser202,Passwd202,202,testuser,test202@localhost.localdomain.com
testuser203,Passwd203,203,testuser,test203@localhost.localdomain.com
testuser204,Passwd204,204,testuser,test204@localhost.localdomain.com
testuser205,Passwd205,205,testuser,test205@localhost.localdomain.com
testuser206,Passwd206,206,testuser,test206@localhost.localdomain.com
testuser207,Passwd207,207,testuser,test207@localhost.localdomain.com
testuser208,Passwd208,208,testuser,test208@localhost.localdomain.com
testuser209,Passwd209,209,testuser,test209@localhost.localdomain.com
testuser210,Passwd210,210,testuser,test210@localhost.localdomain.com
testuser211,Passwd211,211,testuser,test211@localhost.localdomain.com
testuser212,Passwd212,212,testuser,test212@localhost.localdomain.com
testuser213,Passwd213,213,testuser,test213@localhost.localdomain.com
testuser214,Passwd214,214,testuser,test214@localhost.localdomain.com
testuser215,Passwd215,215,testuser,test215@localhost.localdomain.com
testuser216,Passwd216,216,testuser,test216@localhost.localdomain.com
testuser217,Passwd217,217,testuser,test217@localhost.localdomain.com
testuser218,Passwd218,218,testuser,test218@localhost.localdomain.com
testuser219,Passwd219,219,testuser,test219@localhost.localdomain.com
testuser220,Passwd220,220,testuser,test220@localhost.localdomain.com
testuser221,Passwd221,221,testuser,test221@localhost.localdomain.com
testuser222,Passwd222,222,testuser,test222@localhost.localdomain.com
testuser223,Passwd223,223,testuser,test223@localhost.localdomain.com
testuser224,Passwd224,224,testuser,test224@localhost.localdomain.com
testuser225,Passwd225,225,testuser,test225@localhost.localdomain.com
testuser226,Passwd226,226,testuser,test226@localhost.localdomain.com
testuser227,Passwd227,227,testuser,test227@localhost.localdomain.com
testuser228,Passwd228,228,testuser,test228@localhost.localdomain.com
testuser229,Passwd229,229,testuser,test229@localhost.localdomain.com
testuser230,Passwd230,230,testuser,test230@localhost.localdomain.com
testuser231,Passwd231,231,testuser,test231@localhost.localdomain.com
testuser232,Passwd232,232,testuser,test232@localhost.localdomain.com
testuser233,Passwd233,233,testuser,test233@localhost.localdomain.com
testuser234,Passwd234,234,testuser,test234@localhost.localdomain.com
testuser235,Passwd235,235,testuser,test235@localhost.localdomain.com
testuser236,Passwd236,236,testuser,test236@localhost.localdomain.com
testuser237,Passwd237,237,testuser,test237@localhost.localdomain.com
testuser238,Passwd238,238,testuser,test238@localhost.localdomain.com
testuser239,Passwd239,239,testuser,test239@localhost.localdomain.com
testuser240,Passwd240,240,testuser,test240@localhost.localdomain.com
testuser241,Passwd241,241,testuser,test241@localhost.localdomain.com
testuser242,Passwd242,242,testuser,test242@localhost.localdomain.com
testuser243,Passwd243,243,testuser,test243@localhost.localdomain.com
testuser244,Passwd244,244,testuser,test244@localhost.localdomain.com
testuser245,Passwd245,245,testuser,test245@localhost.localdomain.com
testuser246,Passwd246,246,testuser,test246@localhost.localdomain.com
testuser247,Passwd247,247,testuser,test247@localhost.localdomain.com
testuser248,Passwd248,248,testuser,test248@localhost.localdomain.com
testuser249,Passwd249,249,testuser,test249@localhost.localdomain.com
testuser250,Passwd250,250,testuser,test250@localhost.localdomain.com
testuser251,Passwd251,251,testuser,test251@localhost.localdomain.com
testuser252,Passwd252,252,testuser,test252@localhost.localdomain.com
testuser253,Passwd253,253,testuser,test253@localhost.localdomain.com
testuser254,Passwd254,254,testuser,test254@localhost.localdomain.com
testuser255,Passwd255,255,testuser,test255@localhost.localdomain.com
testuser256,Passwd256,256,testuser,test256@localhost.localdomain.com
testuser257,Passwd257,257,testuser,test257@localhost.localdomain.com
testuser258,Passwd258,258,testuser,test258@localhost.localdomain.com
testuser259,Passwd259,259,testuser,test259@localhost.localdomain.com
testuser260,Passwd260,260,testuser,test260@localhost.localdomain.com
testuser261,Passwd261,261,testuser,test261@localhost.localdomain.com
testuser262,Passwd262,262,testuser,test262@localhost.localdomain.com
testuser263,Passwd263,263,testuser,test263@localhost.localdomain.com
testuser264,Passwd264,264,testuser,test264@localhost.localdomain.com
testuser265,Passwd265,265,testuser,test265@localhost.localdomain.com
testuser266,Passwd266,266,testuser,test266@localhost.localdomain.com
testuser267,Passwd267,267,testuser,test267@localhost.localdomain.com
testuser268,Passwd268,268,testuser,test268@localhost.localdomain.com
testuser269,Passwd269,269,testuser,test269@localhost.localdomain.com
testuser270,Passwd270,270,testuser,test270@localhost.localdomain.com
testuser271,Passwd271,271,testuser,test271@localhost.localdomain.com
testuser272,Passwd272,272,testuser,test272@localhost.localdomain.com
testuser273,Passwd273,273,testuser,test273@localhost.localdomain.com
testuser274,Passwd274,274,testuser,test274@localhost.localdomain.com
testuser275,Passwd275,275,testuser,test275@localhost.localdomain.com
testuser276,Passwd276,276,testuser,test276@localhost.localdomain.com
testuser277,Passwd277,277,testuser,test277@localhost.localdomain.com
testuser278,Passwd278,278,testuser,test278@localhost.localdomain.com
testuser279,Passwd279,279,testuser,test279@localhost.localdomain.com
testuser280,Passwd280,280,testuser,test280@localhost.localdomain.com
testuser281,Passwd281,281,testuser,test281@localhost.localdomain.com
testuser282,Passwd282,282,testuser,test282@localhost.localdomain.com
testuser283,Passwd283,283,testuser,test283@localhost.localdomain.com
testuser284,Passwd284,284,testuser,test284@localhost.localdomain.com
testuser285,Passwd285,285,testuser,test285@localhost.localdomain.com
testuser286,Passwd286,286,testuser,test286@localhost.localdomain.com
testuser287,Passwd287,287,testuser,test287@localhost.localdomain.com
testuser288,Passwd288,288,testuser,test288@localhost.localdomain.com
testuser289,Passwd289,289,testuser,test289@localhost.localdomain.com
testuser290,Passwd290,290,testuser,test290@localhost.localdomain.com
testuser291,Passwd291,291,testuser,test291@localhost.localdomain.com
testuser292,Passwd292,292,testuser,test292@localhost.localdomain.com
testuser293,Passwd293,293,testuser,test293@localhost.localdomain.com
testuser294,Passwd294,294,testuser,test294@localhost.localdomain.com
testuser295,Passwd295,295,testuser,test295@localhost.localdomain.com
testuser296,Passwd296,296,testuser,test296@localhost.localdomain.com
testuser297,Passwd297,297,testuser,test297@localhost.localdomain.com
testuser298,Passwd298,298,testuser,test298@localhost.localdomain.com
testuser299,Passwd299,299,testuser,test299@localhost.localdomain.com
testuser300,Passwd300,300,testuser,test300@localhost.localdomain.com
testuser301,Passwd301,301,testuser,test301@localhost.localdomain.com
testuser302,Passwd302,302,testuser,test302@localhost.localdomain.com
testuser303,Passwd303,303,testuser,test303@localhost.localdomain.com
testuser304,Passwd304,304,testuser,test304@localhost.localdomain.com
testuser305,Passwd305,305,testuser,test305@localhost.localdomain.com
testuser306,Passwd306,306,testuser,test306@localhost.localdomain.com
testuser307,Passwd307,307,testuser,test307@localhost.localdomain.com
testuser308,Passwd308,308,testuser,test308@localhost.localdomain.com
testuser309,Passwd309,309,testuser,test309@localhost.localdomain.com
testuser310,Passwd310,310,testuser,test310@localhost.localdomain.com
testuser311,Passwd311,311,testuser,test311@localhost.localdomain.com
testuser312,Passwd312,312,testuser,test312@localhost.localdomain.com
testuser313,Passwd313,313,testuser,test313@localhost.localdomain.com
testuser314,Passwd314,314,testuser,test314@localhost.localdomain.com
testuser315,Passwd315,315,testuser,test315@localhost.localdomain.com
testuser316,Passwd316,316,testuser,test316@localhost.localdomain.com
testuser317,Passwd317,317,testuser,test317@localhost.localdomain.com
testuser318,Passwd318,318,testuser,test318@localhost.localdomain.com
testuser319,Passwd319,319,testuser,test319@localhost.localdomain.com
testuser320,Passwd320,320,testuser,test320@localhost.localdomain.com
testuser321,Passwd321,321,testuser,test321@localhost.localdomain.com
testuser322,Passwd322,322,testuser,test322@localhost.localdomain.com
testuser323,Passwd323,323,testuser,test323@localhost.localdomain.com
testuser324,Passwd324,324,testuser,test324@localhost.localdomain.com
testuser325,Passwd325,325,testuser,test325@localhost.localdomain.com
testuser326,Passwd326,326,testuser,test326@localhost.localdomain.com
testuser327,Passwd327,327,testuser,test327@localhost.localdomain.com
testuser328,Passwd328,328,testuser,test328@localhost.localdomain.com
testuser329,Passwd329,329,testuser,test329@localhost.localdomain.com
testuser330,Passwd330,330,testuser,test330@localhost.localdomain.com
testuser331,Passwd331,331,testuser,test331@localhost.localdomain.com
testuser332,Passwd332,332,testuser,test332@localhost.localdomain.com
testuser333,Passwd333,333,testuser,test333@localhost.localdomain.com
testuser334,Passwd334,334,testuser,test334@localhost.localdomain.com
testuser335,Passwd335,335,testuser,test335@localhost.localdomain.com
testuser336,Passwd336,336,testuser,test336@localhost.localdomain.com
testuser337,Passwd337,337,testuser,test337@localhost.localdomain.com
testuser338,Passwd338,338,testuser,test338@localhost.localdomain.com
testuser339,Passwd339,339,testuser,test339@localhost.localdomain.com
testuser340,Passwd340,340,testuser,test340@localhost.localdomain.com
testuser341,Passwd341,341,testuser,test341@localhost.localdomain.com
testuser342,Passwd342,342,testuser,test342@localhost.localdomain.com
testuser343,Passwd343,343,testuser,test343@localhost.localdomain.com
testuser344,Passwd344,344,testuser,test344@localhost.localdomain.com
testuser345,Passwd345,345,testuser,test345@localhost.localdomain.com
testuser346,Passwd346,346,testuser,test346@localhost.localdomain.com
testuser347,Passwd347,347,testuser,test347@localhost.localdomain.com
testuser348,Passwd348,348,testuser,test348@localhost.localdomain.com
testuser349,Passwd349,349,testuser,test349@localhost.localdomain.com
testuser350,Passwd350,350,testuser,test350@localhost.localdomain.com
testuser351,Passwd351,351,testuser,test351@localhost.localdomain.com
testuser352,Passwd352,352,testuser,test352@localhost.localdomain.com
testuser353,Passwd353,353,testuser,test353@localhost.localdomain.com
testuser354,Passwd354,354,testuser,test354@localhost.localdomain.com
testuser355,Passwd355,355,testuser,test355@localhost.localdomain.com
testuser356,Passwd356,356,testuser,test356@localhost.localdomain.com
testuser357,Passwd357,357,testuser,test357@localhost.localdomain.com
testuser358,Passwd358,358,testuser,test358@localhost.localdomain.com
testuser359,Passwd359,359,testuser,test359@localhost.localdomain.com
testuser360,Passwd360,360,testuser,test360@localhost.localdomain.com
testuser361,Passwd361,361,testuser,test361@localhost.localdomain.com
testuser362,Passwd362,362,testuser,test362@localhost.localdomain.com
testuser363,Passwd363,363,testuser,test363@localhost.localdomain.com
testuser364,Passwd364,364,testuser,test364@localhost.localdomain.com
testuser365,Passwd365,365,testuser,test365@localhost.localdomain.com
testuser366,Passwd366,366,testuser,test366@localhost.localdomain.com
testuser367,Passwd367,367,testuser,test367@localhost.localdomain.com
testuser368,Passwd368,368,testuser,test368@localhost.localdomain.com
testuser369,Passwd369,369,testuser,test369@localhost.localdomain.com
testuser370,Passwd370,370,testuser,test370@localhost.localdomain.com
testuser371,Passwd371,371,testuser,test371@localhost.localdomain.com
testuser372,Passwd372,372,testuser,test372@localhost.localdomain.com
testuser373,Passwd373,373,testuser,test373@localhost.localdomain.com
testuser374,Passwd374,374,testuser,test374@localhost.localdomain.com
testuser375,Passwd375,375,testuser,test375@localhost.localdomain.com
testuser376,Passwd376,376,testuser,test376@localhost.localdomain.com
testuser377,Passwd377,377,testuser,test377@localhost.localdomain.com
testuser378,Passwd378,378,testuser,test378@localhost.localdomain.com
testuser379,Passwd379,379,testuser,test379@localhost.localdomain.com
testuser380,Passwd380,380,testuser,test380@localhost.localdomain.com
testuser381,Passwd381,381,testuser,test381@localhost.localdomain.com
testuser382,Passwd382,382,testuser,test382@localhost.localdomain.com
testuser383,Passwd383,383,testuser,test383@localhost.localdomain.com
testuser384,Passwd384,384,testuser,test384@localhost.localdomain.com
testuser385,Passwd385,385,testuser,test385@localhost.localdomain.com
testuser386,Passwd386,386,testuser,test386@localhost.localdomain.com
testuser387,Passwd387,387,testuser,test387@localhost.localdomain.com
testuser388,Passwd388,388,testuser,test388@localhost.localdomain.com
testuser389,Passwd389,389,testuser,test389@localhost.localdomain.com
testuser390,Passwd390,390,testuser,test390@localhost.localdomain.com
testuser391,Passwd391,391,testuser,test391@localhost.localdomain.com
testuser392,Passwd392,392,testuser,test392@localhost.localdomain.com
testuser393,Passwd393,393,testuser,test393@localhost.localdomain.com
testuser394,Passwd394,394,testuser,test394@localhost.localdomain.com
testuser395,Passwd395,395,testuser,test395@localhost.localdomain.com
testuser396,Passwd396,396,testuser,test396@localhost.localdomain.com
testuser397,Passwd397,397,testuser,test397@localhost.localdomain.com
testuser398,Passwd398,398,testuser,test398@localhost.localdomain.com
testuser399,Passwd399,399,testuser,test399@localhost.localdomain.com
testuser400,Passwd400,400,testuser,test400@localhost.localdomain.com
