username,password,firstname,lastname,email
testuser001,Passwd001,1,testuser,test001@localhost.localdomain.com
testuser002,Passwd002,2,testuser,test002@localhost.localdomain.com
testuser003,Passwd003,3,testuser,test003@localhost.localdomain.com
testuser004,Passwd004,4,testuser,test004@localhost.localdomain.com
testuser005,Passwd005,5,testuser,test005@localhost.localdomain.com
testuser006,Passwd006,6,testuser,test006@localhost.localdomain.com
testuser007,Passwd007,7,testuser,test007@localhost.localdomain.com
testuser008,Passwd008,8,testuser,test008@localhost.localdomain.com
testuser009,Passwd009,9,testuser,test009@localhost.localdomain.com
testuser010,Passwd010,10,testuser,test010@localhost.localdomain.com
testuser011,Passwd011,11,testuser,test011@localhost.localdomain.com
testuser012,Passwd012,12,testuser,test012@localhost.localdomain.com
testuser013,Passwd013,13,testuser,test013@localhost.localdomain.com
testuser014,Passwd014,14,testuser,test014@localhost.localdomain.com
testuser015,Passwd015,15,testuser,test015@localhost.localdomain.com
testuser016,Passwd016,16,testuser,test016@localhost.localdomain.com
testuser017,Passwd017,17,testuser,test017@localhost.localdomain.com
testuser018,Passwd018,18,testuser,test018@localhost.localdomain.com
testuser019,Passwd019,19,testuser,test019@localhost.localdomain.com
testuser020,Passwd020,20,testuser,test020@localhost.localdomain.com
testuser021,Passwd021,21,testuser,test021@localhost.localdomain.com
testuser022,Passwd022,22,testuser,test022@localhost.localdomain.com
testuser023,Passwd023,23,testuser,test023@localhost.localdomain.com
testuser024,Passwd024,24,testuser,test024@localhost.localdomain.com
testuser025,Passwd025,25,testuser,test025@localhost.localdomain.com
testuser026,Passwd026,26,testuser,test026@localhost.localdomain.com
testuser027,Passwd027,27,testuser,test027@localhost.localdomain.com
testuser028,Passwd028,28,testuser,test028@localhost.localdomain.com
testuser029,Passwd029,29,testuser,test029@localhost.localdomain.com
testuser030,Passwd030,30,testuser,test030@localhost.localdomain.com
testuser031,Passwd031,31,testuser,test031@localhost.localdomain.com
testuser032,Passwd032,32,testuser,test032@localhost.localdomain.com
testuser033,Passwd033,33,testuser,test033@localhost.localdomain.com
testuser034,Passwd034,34,testuser,test034@localhost.localdomain.com
testuser035,Passwd035,35,testuser,test035@localhost.localdomain.com
testuser036,Passwd036,36,testuser,test036@localhost.localdomain.com
testuser037,Passwd037,37,testuser,test037@localhost.localdomain.com
testuser038,Passwd038,38,testuser,test038@localhost.localdomain.com
testuser039,Passwd039,39,testuser,test039@localhost.localdomain.com
testuser040,Passwd040,40,testuser,test040@localhost.localdomain.com
testuser041,Passwd041,41,testuser,test041@localhost.localdomain.com
testuser042,Passwd042,42,testuser,test042@localhost.localdomain.com
testuser043,Passwd043,43,testuser,test043@localhost.localdomain.com
testuser044,Passwd044,44,testuser,test044@localhost.localdomain.com
testuser045,Passwd045,45,testuser,test045@localhost.localdomain.com
testuser046,Passwd046,46,testuser,test046@localhost.localdomain.com
testuser047,Passwd047,47,testuser,test047@localhost.localdomain.com
testuser048,Passwd048,48,testuser,test048@localhost.localdomain.com
testuser049,Passwd049,49,testuser,test049@localhost.localdomain.com
testuser050,Passwd050,50,testuser,test050@localhost.localdomain.com
testuser051,Passwd051,51,testuser,test051@localhost.localdomain.com
testuser052,Passwd052,52,testuser,test052@localhost.localdomain.com
testuser053,Passwd053,53,testuser,test053@localhost.localdomain.com
testuser054,Passwd054,54,testuser,test054@localhost.localdomain.com
testuser055,Passwd055,55,testuser,test055@localhost.localdomain.com
testuser056,Passwd056,56,testuser,test056@localhost.localdomain.com
testuser057,Passwd057,57,testuser,test057@localhost.localdomain.com
testuser058,Passwd058,58,testuser,test058@localhost.localdomain.com
testuser059,Passwd059,59,testuser,test059@localhost.localdomain.com
testuser060,Passwd060,60,testuser,test060@localhost.localdomain.com
testuser061,Passwd061,61,testuser,test061@localhost.localdomain.com
testuser062,Passwd062,62,testuser,test062@localhost.localdomain.com
testuser063,Passwd063,63,testuser,test063@localhost.localdomain.com
testuser064,Passwd064,64,testuser,test064@localhost.localdomain.com
testuser065,Passwd065,65,testuser,test065@localhost.localdomain.com
testuser066,Passwd066,66,testuser,test066@localhost.localdomain.com
testuser067,Passwd067,67,testuser,test067@localhost.localdomain.com
testuser068,Passwd068,68,testuser,test068@localhost.localdomain.com
testuser069,Passwd069,69,testuser,test069@localhost.localdomain.com
testuser070,Passwd070,70,testuser,test070@localhost.localdomain.com
testuser071,Passwd071,71,testuser,test071@localhost.localdomain.com
testuser072,Passwd072,72,testuser,test072@localhost.localdomain.com
testuser073,Passwd073,73,testuser,test073@localhost.localdomain.com
testuser074,Passwd074,74,testuser,test074@localhost.localdomain.com
testuser075,Passwd075,75,testuser,test075@localhost.localdomain.com
testuser076,Passwd076,76,testuser,test076@localhost.localdomain.com
testuser077,Passwd077,77,testuser,test077@localhost.localdomain.com
testuser078,Passwd078,78,testuser,test078@localhost.localdomain.com
testuser079,Passwd079,79,testuser,test079@localhost.localdomain.com
testuser080,Passwd080,80,testuser,test080@localhost.localdomain.com
testuser081,Passwd081,81,testuser,test081@localhost.localdomain.com
testuser082,Passwd082,82,testuser,test082@localhost.localdomain.com
testuser083,Passwd083,83,testuser,test083@localhost.localdomain.com
testuser084,Passwd084,84,testuser,test084@localhost.localdomain.com
testuser085,Passwd085,85,testuser,test085@localhost.localdomain.com
testuser086,Passwd086,86,testuser,test086@localhost.localdomain.com
testuser087,Passwd087,87,testuser,test087@localhost.localdomain.com
testuser088,Passwd088,88,testuser,test088@localhost.localdomain.com
testuser089,Passwd089,89,testuser,test089@localhost.localdomain.com
testuser090,Passwd090,90,testuser,test090@localhost.localdomain.com
testuser091,Passwd091,91,testuser,test091@localhost.localdomain.com
testuser092,Passwd092,92,testuser,test092@localhost.localdomain.com
testuser093,Passwd093,93,testuser,test093@localhost.localdomain.com
testuser094,Passwd094,94,testuser,test094@localhost.localdomain.com
testuser095,Passwd095,95,testuser,test095@localhost.localdomain.com
testuser096,Passwd096,96,testuser,test096@localhost.localdomain.com
testuser097,Passwd097,97,testuser,test097@localhost.localdomain.com
testuser098,Passwd098,98,testuser,test098@localhost.localdomain.com
testuser099,Passwd099,99,testuser,test099@localhost.localdomain.com
testuser100,Passwd100,100,testuser,test100@localhost.localdomain.com
testuser101,Passwd101,101,testuser,test101@localhost.localdomain.com
testuser102,Passwd102,102,testuser,test102@localhost.localdomain.com
testuser103,Passwd103,103,testuser,test103@localhost.localdomain.com
testuser104,Passwd104,104,testuser,test104@localhost.localdomain.com
testuser105,Passwd105,105,testuser,test105@localhost.localdomain.com
testuser106,Passwd106,106,testuser,test106@localhost.localdomain.com
testuser107,Passwd107,107,testuser,test107@localhost.localdomain.com
testuser108,Passwd108,108,testuser,test108@localhost.localdomain.com
testuser109,Passwd109,109,testuser,test109@localhost.localdomain.com
testuser110,Passwd110,110,testuser,test110@localhost.localdomain.com
testuser111,Passwd111,111,testuser,test111@localhost.localdomain.com
testuser112,Passwd112,112,testuser,test112@localhost.localdomain.com
testuser113,Passwd113,113,testuser,test113@localhost.localdomain.com
testuser114,Passwd114,114,testuser,test114@localhost.localdomain.com
testuser115,Passwd115,115,testuser,test115@localhost.localdomain.com
testuser116,Passwd116,116,testuser,test116@localhost.localdomain.com
testuser117,Passwd117,117,testuser,test117@localhost.localdomain.com
testuser118,Passwd118,118,testuser,test118@localhost.localdomain.com
testuser119,Passwd119,119,testuser,test119@localhost.localdomain.com
testuser120,Passwd120,120,testuser,test120@localhost.localdomain.com
testuser121,Passwd121,121,testuser,test121@localhost.localdomain.com
testuser122,Passwd122,122,testuser,test122@localhost.localdomain.com
testuser123,Passwd123,123,testuser,test123@localhost.localdomain.com
testuser124,Passwd124,124,testuser,test124@localhost.localdomain.com
testuser125,Passwd125,125,testuser,test125@localhost.localdomain.com
testuser126,Passwd126,126,testuser,test126@localhost.localdomain.com
testuser127,Passwd127,127,testuser,test127@localhost.localdomain.com
testuser128,Passwd128,128,testuser,test128@localhost.localdomain.com
testuser129,Passwd129,129,testuser,test129@localhost.localdomain.com
testuser130,Passwd130,130,testuser,test130@localhost.localdomain.com
testuser131,Passwd131,131,testuser,test131@localhost.localdomain.com
testuser132,Passwd132,132,testuser,test132@localhost.localdomain.com
testuser133,Passwd133,133,testuser,test133@localhost.localdomain.com
testuser134,Passwd134,134,testuser,test134@localhost.localdomain.com
testuser135,Passwd135,135,testuser,test135@localhost.localdomain.com
testuser136,Passwd136,136,testuser,test136@localhost.localdomain.com
testuser137,Passwd137,137,testuser,test137@localhost.localdomain.com
testuser138,Passwd138,138,testuser,test138@localhost.localdomain.com
testuser139,Passwd139,139,testuser,test139@localhost.localdomain.com
testuser140,Passwd140,140,testuser,test140@localhost.localdomain.com
testuser141,Passwd141,141,testuser,test141@localhost.localdomain.com
testuser142,Passwd142,142,testuser,test142@localhost.localdomain.com
testuser143,Passwd143,143,testuser,test143@localhost.localdomain.com
testuser144,Passwd144,144,testuser,test144@localhost.localdomain.com
testuser145,Passwd145,145,testuser,test145@localhost.localdomain.com
testuser146,Passwd146,146,testuser,test146@localhost.localdomain.com
testuser147,Passwd147,147,testuser,test147@localhost.localdomain.com
testuser148,Passwd148,148,testuser,test148@localhost.localdomain.com
testuser149,Passwd149,149,testuser,test149@localhost.localdomain.com
testuser150,Passwd150,150,testuser,test150@localhost.localdomain.com
testuser151,Passwd151,151,testuser,test151@localhost.localdomain.com
testuser152,Passwd152,152,testuser,test152@localhost.localdomain.com
testuser153,Passwd153,153,testuser,test153@localhost.localdomain.com
testuser154,Passwd154,154,testuser,test154@localhost.localdomain.com
testuser155,Passwd155,155,testuser,test155@localhost.localdomain.com
testuser156,Passwd156,156,testuser,test156@localhost.localdomain.com
testuser157,Passwd157,157,testuser,test157@localhost.localdomain.com
testuser158,Passwd158,158,testuser,test158@localhost.localdomain.com
testuser159,Passwd159,159,testuser,test159@localhost.localdomain.com
testuser160,Passwd160,160,testuser,test160@localhost.localdomain.com
testuser161,Passwd161,161,testuser,test161@localhost.localdomain.com
testuser162,Passwd162,162,testuser,test162@localhost.localdomain.com
testuser163,Passwd163,163,testuser,test163@localhost.localdomain.com
testuser164,Passwd164,164,testuser,test164@localhost.localdomain.com
testuser165,Passwd165,165,testuser,test165@localhost.localdomain.com
testuser166,Passwd166,166,testuser,test166@localhost.localdomain.com
testuser167,Passwd167,167,testuser,test167@localhost.localdomain.com
testuser168,Passwd168,168,testuser,test168@localhost.localdomain.com
testuser169,Passwd169,169,testuser,test169@localhost.localdomain.com
testuser170,Passwd170,170,testuser,test170@localhost.localdomain.com
testuser171,Passwd171,171,testuser,test171@localhost.localdomain.com
testuser172,Passwd172,172,testuser,test172@localhost.localdomain.com
testuser173,Passwd173,173,testuser,test173@localhost.localdomain.com
testuser174,Passwd174,174,testuser,test174@localhost.localdomain.com
testuser175,Passwd175,175,testuser,test175@localhost.localdomain.com
testuser176,Passwd176,176,testuser,test176@localhost.localdomain.com
testuser177,Passwd177,177,testuser,test177@localhost.localdomain.com
testuser178,Passwd178,178,testuser,test178@localhost.localdomain.com
testuser179,Passwd179,179,testuser,test179@localhost.localdomain.com
testuser180,Passwd180,180,testuser,test180@localhost.localdomain.com
testuser181,Passwd181,181,testuser,test181@localhost.localdomain.com
testuser182,Passwd182,182,testuser,test182@localhost.localdomain.com
testuser183,Passwd183,183,testuser,test183@localhost.localdomain.com
testuser184,Passwd184,184,testuser,test184@localhost.localdomain.com
testuser185,Passwd185,185,testuser,test185@localhost.localdomain.com
testuser186,Passwd186,186,testuser,test186@localhost.localdomain.com
testuser187,Passwd187,187,testuser,test187@localhost.localdomain.com
testuser188,Passwd188,188,testuser,test188@localhost.localdomain.com
testuser189,Passwd189,189,testuser,test189@localhost.localdomain.com
testuser190,Passwd190,190,testuser,test190@localhost.localdomain.com
testuser191,Passwd191,191,testuser,test191@localhost.localdomain.com
testuser192,Passwd192,192,testuser,test192@localhost.localdomain.com
testuser193,Passwd193,193,testuser,test193@localhost.localdomain.com
testuser194,Passwd194,194,testuser,test194@localhost.localdomain.com
testuser195,Passwd195,195,testuser,test195@localhost.localdomain.com
testuser196,Passwd196,196,testuser,test196@localhost.localdomain.com
testuser197,Passwd197,197,testuser,test197@localhost.localdomain.com
testuser198,Passwd198,198,testuser,test198@localhost.localdomain.com
testuser199,Passwd199,199,testuser,test199@localhost.localdomain.com
testuser200,Passwd200,200,testuser,test200@localhost.localdomain.com
